{"cameraMode":{"drawMode":0,"name":"Shaded","section":"Shading Mode"},"sceneLighting":true,"audioPlay":false,"sceneViewState":{"showFog":true,"showMaterialUpdate":false,"showSkybox":true,"showFlares":true,"showImageEffects":true,"showParticleSystems":true},"in2DMode":false,"pivot":{"x":0.000031948089599609375,"y":0.16150307655334474,"z":-0.01550796627998352},"rotation":{"x":0.028059925884008409,"y":-0.9432132840156555,"z":0.08256112784147263,"w":0.3205541968345642},"size":1.550856351852417,"orthographic":false}